[
    {
        "clotherName": "Jim Carrey",
        "price": "4 999 руб.",
        "avatarStringURL": "9t0a8451-450x600-k90",
        "id": 1
    },
    {
        "clotherName": "Zoe Kravitz",
        "price": "4 999 руб.",
        "avatarStringURL": "9t0a8451-450x600-k90",
        "id": 2
    },
    {
        "clotherName": "Baba Nina",
        "price": "4 999 руб.",
        "avatarStringURL": "9t0a8451-450x600-k90",
        "id": 3
    },
    {
        "clotherName": "Cheryl Blossom",
        "price": "4 999 руб.",
        "avatarStringURL": "9t0a8451-450x600-k90",
        "id": 4
    },
    {
        "clotherName": "6ix9ine",
        "price": "4 999 руб.",
        "avatarStringURL": "9t0a8451-450x600-k90",
        "id": 5
    },
    {
        "clotherName": "Rick Sanchez",
        "price": "4 999 руб.",
        "avatarStringURL": "9t0a8451-450x600-k90",
        "id": 6
    },
    {
        "clotherName": "Faina Ranevskaya",
        "price": "4 999 руб.",
        "avatarStringURL": "9t0a8451-450x600-k90",
        "id": 7
    },
    {
        "clotherName": "Uma Turman",
        "price": "4 999 руб.",
        "avatarStringURL": "9t0a8451-450x600-k90",
        "id": 8
    },
    {
        "clotherName": "Jaden Smith",
        "price": "4 999 руб.",
        "avatarStringURL": "9t0a8451-450x600-k90",
        "id": 9
    },
    {
        "clotherName": "Galina Sergeevna",
        "price": "4 999 руб.",
        "avatarStringURL": "9t0a8451-450x600-k90",
        "id": 10
    }
]
